{"name":"face icons", "description":"by Orz-3", "icons":[{"name":"Global", "url":"https://raw.githubusercontent.com/Orz-3/face/master/Global.png"}, {"name":"China", "url":"https://raw.githubusercontent.com/Orz-3/face/master/China.png"}, {"name":"Bilibili", "url":"https://raw.githubusercontent.com/Orz-3/face/master/Bili.png"}, {"name":"YouTube", "url":"https://raw.githubusercontent.com/Orz-3/face/master/YouTube.png"}, {"name":"Final", "url":"https://raw.githubusercontent.com/Orz-3/face/master/Final.png"}, {"name":"Apple", "url":"https://raw.githubusercontent.com/Orz-3/face/master/Apple.png"}, {"name":"Message", "url":"https://raw.githubusercontent.com/Orz-3/face/master/Message.png"}, {"name":"Netflix", "url":"https://raw.githubusercontent.com/Orz-3/face/master/Netflix.png"}, {"name":"Music", "url":"https://raw.githubusercontent.com/Orz-3/face/master/Music.png"}, {"name":"Netease", "url":"https://raw.githubusercontent.com/Orz-3/face/master/Netease.png"}, {"name":"Static", "url":"https://raw.githubusercontent.com/Orz-3/face/master/Static.png"}, {"name":"Auto", "url":"https://raw.githubusercontent.com/Orz-3/face/master/Auto.png"}, {"name":"Game", "url":"https://raw.githubusercontent.com/Orz-3/face/master/Game.png"}, {"name":"Scholar", "url":"https://raw.githubusercontent.com/Orz-3/face/master/Scholar.png"}, {"name":"HK", "url":"https://raw.githubusercontent.com/Orz-3/face/master/HK.png"}, {"name":"MO", "url":"https://raw.githubusercontent.com/Orz-3/face/master/MO.png"}, {"name":"TW", "url":"https://raw.githubusercontent.com/Orz-3/face/master/TW.png"}, {"name":"CN", "url":"https://raw.githubusercontent.com/Orz-3/face/master/CN.png"}, {"name":"UN", "url":"https://raw.githubusercontent.com/Orz-3/face/master/UN.png"}, {"name":"UK", "url":"https://raw.githubusercontent.com/Orz-3/face/master/UK.png"}, {"name":"US", "url":"https://raw.githubusercontent.com/Orz-3/face/master/US.png"}, {"name":"JP", "url":"https://raw.githubusercontent.com/Orz-3/face/master/JP.png"}, {"name":"KR", "url":"https://raw.githubusercontent.com/Orz-3/face/master/KR.png"}, {"name":"SG", "url":"https://raw.githubusercontent.com/Orz-3/face/master/SG.png"}]}
